19,Q11001R3N5O10
19,J850I7J8I19H7G10T2S46R15M3L32Q51R4M10N8O2S3T49
19,n87
19,c41d52c3d7c3d9c6d5
19,n29
19,}5n9m3n308e10}3G20o4n136}5e5{225
19,k33l29k104l252m26n12}11e16b97c8d22c3e243
19,{4
19,{1042c7b28a2b19
19,g202h3i370
19,m61n18m16n252}6f106g29h108g138f
19,a10b2cb4a
19,b7a29b1347a87@7a13@56
19,[19
19,@27[19@5
19,[29
19,[19
19,cb14a12@496
19,[39
19,}9o11p21q77r105i866;3~3i214;~2r2
19,[228
19,[25
19,[19
19,[17]2[8
19,r57q476p284o208p342q66r101;51
19,[18
19,[749
19,[121@641[10@710B9
19,}3o11p99o6U7}2e8den54w2090F4E89
19,D79
19,E99
19,D99
19,D99
19,D99
19,D99
19,D99
19,D39
19,D39
19,B15C20B12C16B9C119B21C20B17C13B34
19,D40C11B33C11B131
19,C109
19,C109
19,C109
19,B99
19,D219
19,B78
19,e14b204a231@200a220b125
19,D109
19,D109
19,C19
19,C19
19,C59
19,C59
19,D149
19,D59
19,C19
19,D239
19,C214B697C3
19,D39
19,}7e10
19,D69
19,C29
19,B41C17B249
19,C109
19,n79
19,C139
19,D49
19,C39
19,B139
19,E49
19,D229
19,B19
19,D249
19,D80
19,C49
19,D609
19,E271
19,D129
19,E39
19,B219
19,D69
19,D59
19,D39
19,{4378
19,B39C11B67
19,C39
19,D29
19,D29
19,D19
19,D29
19,D209
19,B189
19,B34
19,B12P11Q11
19,W15
19,W19
19,R2S3T2
19,U15T5S13R3M40R2M59R4M63RM16R128M10N58S11N3R181S1231R773Q2R5Q226L4Q143L15Q14L13Q10PK16L5P9LQ34L5Q59R58M2R2169M9N5S14N8S631T45S416T5O9}7e196d2c3b278c121d4e9d32e3}n19m7n2m137n3m13n227e102}o5w47FO13S2RM2L3Q7R30M22R7N36O2S12T3O33
19,G81
19,}5
19,d138
19,{247
19,}18e27
19,g179
19,n29
19,F111O2U35T118O20n124e2
19,{22
19,m12l25k17j4k36j54k148l576m136
19,g372
